{"data": "id0_uci_bank_marketing_p.sas7bdat", "para": {"time": 900, "cores": 8, "folds": 10, "framework": "autosklearn"}, "results": {"logloss": 0.29655445936460556, "AUC": 0.8474497617812161, "f1": 0.6451226810293238, "ACC": 0.9040220118151655}}