{"data": "id1_uci_diabetes_p.sas7bdat", "para": {"time": 900, "cores": 8, "folds": 0, "framework": "autosklearn"}, "results": {"logloss": 0.6568367252114318, "AUC": 0.6243468780826663, "f1": 0.5377323031948215, "ACC": 0.6373910764594116}}