{"data": "id1_uci_diabetes_p.sas7bdat", "para": {"time": 900, "cores": 4, "folds": 5, "framework": "autosklearn"}, "results": {"logloss": 0.6343381406336921, "AUC": 0.6359259546218734, "f1": 0.5977727306029746, "ACC": 0.6403066238616262}}