{"data": "id4_sas_churn_alldata_p.sas7bdat", "para": {"time": 900, "cores": 4, "folds": 5, "framework": "autosklearn"}, "results": {"logloss": 0.17231901110726774, "AUC": 0.87736586418132, "f1": 0.7189026681698609, "ACC": 0.9472961070988198}}