{"data": "id1_uci_diabetes_p.sas7bdat", "para": {"time": 1800, "cores": 8, "folds": 0, "framework": "autosklearn"}, "results": {"logloss": 0.6411834495174952, "AUC": 0.6389421160001044, "f1": 0.5966345975260948, "ACC": 0.6442704579702548}}