{"data": "id1_uci_diabetes_p.sas7bdat", "para": {"time": 1800, "cores": 8, "folds": 5, "framework": "autosklearn"}, "results": {"logloss": 0.6826754213854495, "AUC": 0.55364694625033, "f1": 0.2383850557396806, "ACC": 0.5859595099259648}}