{"data": "id2_uci_default_credit_card_p.sas7bdat", "para": {"time": 1800, "cores": 8, "folds": 0, "framework": "autosklearn"}, "results": {"logloss": 0.44170936859664856, "AUC": 0.6752235272707212, "f1": 0.5037213456385831, "ACC": 0.8147983557382513}}