{"data": "id5_kdd_sm_trn_upsell_p.sas7bdat", "para": {"time": 1800, "cores": 8, "folds": 5, "framework": "autosklearn"}, "results": {"logloss": 1.7636707097443578, "AUC": 0.5, "f1": 0.13722446445203354, "ACC": 0.07366666666666667}}