{"data": "id8_donor_raw_data2_p.sas7bdat", "para": {"time": 1800, "cores": 8, "folds": 0, "framework": "autosklearn"}, "results": {"logloss": 0.5644479754867109, "AUC": 0.5003441156228493, "f1": 0.0013755158184319118, "ACC": 0.7501720578114246}}