{"data": "id9_bank_raw2_p.sas7bdat", "para": {"time": 1800, "cores": 8, "folds": 0, "framework": "autosklearn"}, "results": {"logloss": 0.6596240749453649, "AUC": 0.9210481076714823, "f1": 0.8526205561289447, "ACC": 0.9384768757587003}}