{"data": "id1_uci_diabetes_p.sas7bdat", "para": {"time": 3600, "cores": 8, "folds": 5, "framework": "autosklearn"}, "results": {"logloss": 0.645070842395726, "AUC": 0.635426975063694, "f1": 0.5938182491208588, "ACC": 0.6405359365786543}}