{"data": "id2_uci_default_credit_card_p.sas7bdat", "para": {"time": 3600, "cores": 8, "folds": 5, "framework": "autosklearn"}, "results": {"logloss": 0.44776735785739735, "AUC": 0.682039720826458, "f1": 0.5134516313680595, "ACC": 0.8111320964337296}}