{"data": "id2_uci_default_credit_card_p.sas7bdat", "para": {"time": 3600, "cores": 8, "folds": 5, "framework": "autosklearn"}, "results": {"logloss": 0.4468244214168704, "AUC": 0.6844455183848002, "f1": 0.5173789173789174, "ACC": 0.8117986890345518}}