{"data": "id2_uci_default_credit_card_p.sas7bdat", "para": {"time": 3600, "cores": 8, "folds": 3, "framework": "autosklearn"}, "results": {"logloss": 0.4828801868542235, "AUC": 0.6920151021966896, "f1": 0.5274122807017544, "ACC": 0.8084657260304411}}