{"data": "id2_uci_default_credit_card_p.sas7bdat", "para": {"time": 3600, "cores": 8, "folds": 0, "framework": "autosklearn"}, "results": {"logloss": 0.4356747343262733, "AUC": 0.6701771380627947, "f1": 0.4958677685950413, "ACC": 0.817020331074325}}