{"data": "id5_kdd_sm_trn_upsell_p.sas7bdat", "para": {"time": 3600, "cores": 8, "folds": 10, "framework": "autosklearn"}, "results": {"logloss": 0.20885998575083844, "AUC": 0.7219080075355079, "f1": 0.5207811717576365, "ACC": 0.9362}}