{"data": "id5_kdd_sm_trn_upsell_p.sas7bdat", "para": {"time": 3600, "cores": 8, "folds": 5, "framework": "autosklearn"}, "results": {"logloss": 0.17692987175612312, "AUC": 0.7091539812980027, "f1": 0.5489287782281413, "ACC": 0.9480666666666666}}