{"data": "id5_kdd_sm_trn_upsell_p.sas7bdat", "para": {"time": 3600, "cores": 8, "folds": 0, "framework": "autosklearn"}, "results": {"logloss": 0.5044459854767256, "AUC": 0.7190015940497493, "f1": 0.5446670276123443, "ACC": 0.9439333333333333}}