{"data": "id6_kdd_sm_trn_churn_p.sas7bdat", "para": {"time": 3600, "cores": 8, "folds": 0, "framework": "autosklearn"}, "results": {"logloss": 0.5154356442907555, "AUC": 0.5031371876984329, "f1": 0.0126012601260126, "ACC": 0.9268715418972069}}