{"data": "id5_kdd_sm_trn_upsell_p.sas7bdat", "para": {"time": 900, "cores": 4, "folds": 5, "framework": "autosklearn"}, "results": {"logloss": 0.5737109954916181, "AUC": 0.7219080075355079, "f1": 0.5207811717576365, "ACC": 0.9362}}