{"data": "id2_uci_default_credit_card_p.sas7bdat", "para": {"time": 900, "cores": 4, "folds": 5, "framework": "autosklearn"}, "results": {"logloss": 0.5174928798225222, "AUC": 0.5389088272404136, "f1": 0.15238095238095237, "ACC": 0.7923564048439062}}