{"data": "id9_bank_raw2_p.sas7bdat", "para": {"time": 900, "cores": 4, "folds": 5, "framework": "autosklearn"}, "results": {"logloss": 0.22820355819317106, "AUC": 0.9027157260897508, "f1": 0.781302238073646, "ACC": 0.8983734723785922}}