{"data": "id4_sas_churn_alldata_p.sas7bdat", "para": {"time": 900, "cores": 4, "folds": 5, "framework": "autosklearn"}, "results": {"logloss": 0.1740623229227382, "AUC": 0.8774876499827382, "f1": 0.6562396006655575, "ACC": 0.9272150783864718}}